CREATE TABLE CLIENTES (
  NUM_CLIE int,
  EMPRESA varchar(20),
  REP_CLIE int,
  LIMITE_CREDITO int,
  PRIMARY KEY (NUM_CLIE),
  FOREIGN KEY (REP_CLIE) REFERENCES REPVENTAS (NUM_EMPL)
);

INSERT INTO CLIENTES (NUM_CLIE, EMPRESA, REP_CLIE, LIMITE_CREDITO) VALUES
(1, 'TechCorp', 1, 50000),
(2, 'GlobalSoft', 2, 75000),
(3, 'GreenEnergy', 3, 60000),
(4, 'FastLogistics', 4, 45000),
(5, 'HealthyFoods', 5, 70000),
(6, 'SecureSystems', 6, 55000),
(7, 'EcoGoods', 7, 60000),
(8, 'CloudWare', 8, 80000),
(9, 'MedTech', 9, 50000),
(10, 'AutoDrive', 10, 75000),
(11, 'NextGen', 11, 60000),
(12, 'BrightFuture', 12, 70000),
(13, 'DataPoint', 13, 80000),
(14, 'RetailMagic', 14, 55000),
(15, 'BuildSafe', 15, 65000),
(16, 'WaveLight', 16, 70000),
(17, 'StarSystems', 17, 75000),
(18, 'VisionWare', 18, 50000),
(19, 'EcoFuture', 19, 65000),
(20, 'FastTrack', 20, 60000),
(21, 'QuickSolutions', 1, 70000),
(22, 'BlueOcean', 2, 55000),
(23, 'UrbanIdeas', 3, 45000),
(24, 'BrightSolutions', 4, 62000),
(25, 'FreshFarms', 5, 52000),
(26, 'SafeTransport', 6, 72000),
(27, 'GreenWheels', 7, 80000),
(28, 'ModernTech', 8, 66000),
(29, 'SmartInnovations', 9, 77000),
(30, 'PeakPerformance', 10, 58000);

CREATE TABLE OFICINAS (
  OFICINA int,
  CIUDAD varchar(15),
  REGION varchar(10),
  DIR int,
  OBJETIVO int,
  VENTAS int,
PRIMARY KEY (OFICINA),
FOREIGN KEY (DIR) REFERENCES REPVENTAS (NUM_EMPL));

INSERT INTO OFICINAS (OFICINA, CIUDAD, REGION, DIR, OBJETIVO, VENTAS) VALUES
(1, 'Nueva York', 'Este', 1, 500000, 450000),
(2, 'Los Ángeles', 'Oeste', 2, 400000, 420000),
(3, 'Chicago', 'Centro', 3, 350000, 300000),
(4, 'Miami', 'Sur', 4, 300000, 280000),
(5, 'Dallas', 'Sur', 5, 250000, 240000),
(6, 'San Francisco', 'Oeste', 6, 400000, 380000),
(7, 'Seattle', 'Noroeste', NULL, 300000, 310000);

CREATE TABLE PEDIDOS (
  NUM_PEDIDO int,
  FECHA_PEDIDO datetime,
  CLIE int,
  REP int,
  FAB varchar(5),
  PRODUCTO varchar(5),
  CANT int,
  IMPORTE int,
PRIMARY KEY (NUM_PEDIDO),
FOREIGN KEY (FAB,PRODUCTO) REFERENCES PRODUCTOS (ID_FAB, ID_PRODUCTO),
FOREIGN KEY (CLIE) REFERENCES CLIENTES (NUM_CLIE));

INSERT INTO PEDIDOS (NUM_PEDIDO, FECHA_PEDIDO, CLIE, REP, FAB, PRODUCTO, CANT, IMPORTE) VALUES
(1, '2022-01-15 00:00:00', 1, 1, 'FAB1', 'PRD1', 2, 1600),
(2, '2022-02-20 00:00:00', 2, 2, 'FAB1', 'PRD2', 1, 600),
(3, '2022-03-12 00:00:00', 3, 3, 'FAB2', 'PRD3', 3, 2100),
(4, '2022-04-25 00:00:00', 4, 4, 'FAB2', 'PRD4', 2, 600),
(5, '2022-05-30 00:00:00', 5, 5, 'FAB3', 'PRD5', 1, 150),
(6, '2022-06-10 00:00:00', 6, 6, 'FAB3', 'PRD6', 2, 400),
(7, '2022-07-01 00:00:00', 7, 7, 'FAB4', 'PRD7', 1, 500),
(8, '2022-08-15 00:00:00', 8, 8, 'FAB4', 'PRD8', 3, 300),
(9, '2022-09-05 00:00:00', 9, 9, 'FAB5', 'PRD9', 4, 200),
(10, '2022-10-20 00:00:00', 10, 10, 'FAB5', 'PRD10', 2, 160),
(11, '2022-11-11 00:00:00', 11, 11, 'FAB6', 'PRD11', 1, 300),
(12, '2022-12-25 00:00:00', 12, 12, 'FAB6', 'PRD12', 2, 300),
(13, '2023-01-09 00:00:00', 13, 13, 'FAB7', 'PRD13', 5, 125),
(14, '2023-02-14 00:00:00', 14, 14, 'FAB7', 'PRD14', 1, 100),
(15, '2023-03-07 00:00:00', 15, 15, 'FAB1', 'PRD15', 3, 450),
(16, '2023-04-19 00:00:00', 16, 16, 'FAB1', 'PRD16', 4, 160),
(17, '2023-05-23 00:00:00', 17, 17, 'FAB2', 'PRD17', 1, 800),
(18, '2023-06-28 00:00:00', 18, 18, 'FAB2', 'PRD18', 2, 120),
(19, '2023-07-13 00:00:00', 19, 19, 'FAB3', 'PRD19', 3, 210),
(20, '2023-08-24 00:00:00', 20, 20, 'FAB3', 'PRD20', 1, 400),
(21, '2023-09-06 00:00:00', 21, 1, 'FAB4', 'PRD21', 1, 150),
(22, '2023-10-02 00:00:00', 22, 2, 'FAB4', 'PRD22', 1, 900),
(23, '2023-11-18 00:00:00', 23, 3, 'FAB5', 'PRD23', 4, 200),
(24, '2023-12-05 00:00:00', 24, 4, 'FAB5', 'PRD24', 2, 600),
(25, '2024-01-12 00:00:00', 25, 5, 'FAB6', 'PRD25', 5, 100),
(26, '2024-02-27 00:00:00', 26, 6, 'FAB6', 'PRD26', 1, 500),
(27, '2024-03-15 00:00:00', 27, 7, 'FAB7', 'PRD27', 2, 240),
(28, '2024-04-09 00:00:00', 28, 8, 'FAB7', 'PRD28', 1, 200),
(29, '2024-05-03 00:00:00', 29, 9, 'FAB1', 'PRD29', 3, 210),
(30, '2024-06-14 00:00:00', 30, 10, 'FAB1', 'PRD30', 2, 260),
(31, '2024-07-19 00:00:00', 1, 11, 'FAB2', 'PRD31', 2, 160),
(32, '2024-08-25 00:00:00', 2, 12, 'FAB2', 'PRD32', 1, 500),
(33, '2024-09-07 00:00:00', 3, 13, 'FAB3', 'PRD33', 1, 90),
(34, '2024-10-30 00:00:00', 4, 14, 'FAB3', 'PRD34', 2, 220),
(35, '2024-11-10 00:00:00', 5, 15, 'FAB4', 'PRD35', 1, 300),
(36, '2024-12-12 00:00:00', 6, 16, 'FAB4', 'PRD36', 4, 160),
(37, '2022-02-22 00:00:00', 7, 17, 'FAB5', 'PRD37', 1, 800),
(38, '2022-03-11 00:00:00', 8, 18, 'FAB5', 'PRD38', 2, 500),
(39, '2022-04-16 00:00:00', 9, 19, 'FAB6', 'PRD39', 1, 700),
(40, '2022-05-30 00:00:00', 10, 20, 'FAB6', 'PRD40', 6, 180); 

CREATE TABLE PRODUCTOS (
  ID_FAB varchar(5),
  ID_PRODUCTO varchar(5),
  DESCRIPCION varchar(20),
  PRECIO int,
  EXISTENCIAS int,
PRIMARY KEY (ID_FAB,ID_PRODUCTO));

INSERT INTO `PRODUCTOS` (`ID_FAB`, `ID_PRODUCTO`, `DESCRIPCION`, `PRECIO`, `EXISTENCIAS`) VALUES
('FAB1', 'PRD1', 'Laptop X100', 800, 50),
('FAB1', 'PRD15', 'SSD Drive', 150, 75),
('FAB1', 'PRD16', 'Power Bank', 40, 100),
('FAB1', 'PRD2', 'Smartphone Z9', 600, 100),
('FAB1', 'PRD29', 'Fitness Band', 70, 100),
('FAB1', 'PRD30', 'E-Reader', 130, 45),
('FAB1', 'PRD43', 'Gaming Keyboard', 120, 80),
('FAB1', 'PRD44', 'Graphic Card', 600, 25),
('FAB2', 'PRD17', 'Drone Mini', 800, 20),
('FAB2', 'PRD18', 'Smart Lamp', 60, 110),
('FAB2', 'PRD3', 'Tablet Pro', 700, 40),
('FAB2', 'PRD31', 'Wireless Earbuds', 80, 120),
('FAB2', 'PRD32', 'Gaming Console', 500, 25),
('FAB2', 'PRD4', 'Smartwatch S3', 300, 80),
('FAB2', 'PRD45', 'Gaming Monitor', 500, 20),
('FAB2', 'PRD46', 'Portable Speaker', 90, 70),
('FAB3', 'PRD19', 'Wi-Fi Router', 70, 80),
('FAB3', 'PRD20', 'VR Headset', 400, 30),
('FAB3', 'PRD33', 'Digital Watch', 90, 70),
('FAB3', 'PRD34', 'Bluetooth Speaker', 110, 85),
('FAB3', 'PRD47', 'Wireless Charger', 40, 130),
('FAB3', 'PRD48', 'Smart Thermostat', 120, 40),
('FAB3', 'PRD5', 'Headphones H1', 150, 150),
('FAB3', 'PRD6', 'Speaker Boom', 200, 120),
('FAB4', 'PRD21', 'Microphone', 150, 40),
('FAB4', 'PRD22', 'Camera DSLR', 900, 20),
('FAB4', 'PRD35', 'Graphic Tablet', 300, 20),
('FAB4', 'PRD36', 'Stylus Pen', 40, 60),
('FAB4', 'PRD49', 'Electric Bike', 1000, 5),
('FAB4', 'PRD50', 'Smart Doorbell', 150, 35),
('FAB4', 'PRD7', 'Monitor Ultra', 500, 60),
('FAB4', 'PRD8', 'Keyboard Mech', 100, 70),
('FAB5', 'PRD10', 'Webcam HD', 80, 65),
('FAB5', 'PRD23', 'Tripod Stand', 50, 60),
('FAB5', 'PRD24', 'Lens Zoom', 300, 25),
('FAB5', 'PRD37', 'TV 4K', 800, 15),
('FAB5', 'PRD38', 'Soundbar', 250, 30),
('FAB5', 'PRD9', 'Mouse X-Pro', 50, 90),
('FAB6', 'PRD11', 'Gaming Chair', 300, 30),
('FAB6', 'PRD12', 'Desk Stand', 150, 25),
('FAB6', 'PRD25', 'Flash Drive', 20, 150),
('FAB6', 'PRD26', 'Projector', 500, 15),
('FAB6', 'PRD39', 'Electric Scooter', 700, 10),
('FAB6', 'PRD40', 'Smart Plug', 30, 150),
('FAB7', 'PRD13', 'USB Hub', 25, 200),
('FAB7', 'PRD14', 'External HDD', 100, 50),
('FAB7', 'PRD27', 'Smart Lock', 120, 50),
('FAB7', 'PRD28', 'Portable AC', 200, 10),
('FAB7', 'PRD41', 'Action Camera', 200, 40),
('FAB7', 'PRD42', 'VR Gloves', 300, 20);

CREATE TABLE REPVENTAS (
  NUM_EMPL int,
  NOMBRE varchar(15),
  EDAD int,
  OFICINA_REP int,
  TITULO varchar(20),
  CONTRATO datetime,
  DIRECTOR int,
  CUOTA int,
  VENTAS int,
PRIMARY KEY (NUM_EMPL),
FOREIGN KEY (OFICINA_REP) REFERENCES OFICINAS (OFICINA),
FOREIGN KEY (DIRECTOR) REFERENCES REPVENTAS (NUM_EMPL));

INSERT INTO REPVENTAS (NUM_EMPL, NOMBRE, EDAD, OFICINA_REP, TITULO, CONTRATO, DIRECTOR, CUOTA, VENTAS) VALUES
(1, 'Juan Perez', 45, 1, 'Manager', '2010-06-15 00:00:00', NULL, 200000, 180000),
(2, 'Ana Lopez', 38, 2, 'Vendedor', '2012-09-01 00:00:00', 1, 150000, 140000),
(3, 'Carlos Gomez', 40, 3, 'Vendedor', '2008-04-20 00:00:00', 1, 130000, 125000),
(4, 'Maria Fernandez', 29, 4, 'Asistente', '2015-11-30 00:00:00', 3, 80000, 75000),
(5, 'Laura Ramirez', 35, NULL, 'Freelance', '2006-02-01 00:00:00', NULL, 60000, 50000),
(6, 'Luis Sanchez', 50, 5, 'Supervisor', '2011-07-10 00:00:00', 2, 170000, 160000),
(7, 'Pedro Torres', 37, 6, 'Vendedor', '2018-01-25 00:00:00', 6, 140000, 135000),
(8, 'Sofia Medina', 33, 7, 'Analista', '2017-03-15 00:00:00', 6, 90000, 88000),
(9, 'Gabriel Ortiz', 44, 1, 'Jefe', '2009-09-01 00:00:00', 1, 120000, 115000),
(10, 'Elena Navarro', 39, 2, 'Especialista', '2013-07-20 00:00:00', 2, 125000, 123000),
(11, 'Miguel Rojas', 41, 4, 'Supervisor', '2007-03-11 00:00:00', 4, 135000, 125000),
(12, 'Patricia Vega', 32, NULL, 'Freelance', '2014-05-18 00:00:00', NULL, 70000, 67000),
(13, 'Hugo Diaz', 36, 5, 'Analista', '2008-10-09 00:00:00', 6, 90000, 89000),
(14, 'Carmen Ruiz', 30, 6, 'Vendedor', '2016-11-22 00:00:00', 5, 110000, 108000),
(15, 'Raul Blanco', 47, 7, 'Manager', '2006-07-04 00:00:00', NULL, 160000, 150000),
(16, 'Ines Silva', 29, 1, 'Vendedor', '2013-03-13 00:00:00', 9, 125000, 122000),
(17, 'Manuel Reyes', 40, NULL, 'Asistente', '2011-01-21 00:00:00', NULL, 70000, 68000),
(18, 'Gloria Vazquez', 33, 3, 'Jefe', '2010-08-14 00:00:00', 12, 150000, 140000),
(19, 'Daniel Castro', 34, 2, 'Vendedor', '2017-02-28 00:00:00', 13, 95000, 93000),
(20, 'Clara Rios', 29, NULL, 'Freelance', '2012-12-01 00:00:00', NULL, 70000, 60000);
